[{
    "tweet": "カワイイ RT @Cheekwb: サンリオの新キャラクターがニュースで紹介されてた。「へー！可愛いね。結構いいんじゃない？」とコメントしてたら「それ、家だよ」って言われた。家の方？ http://www.j-cast.com/mono/2011/01/27086515.html",
    "location": {
        "x": 139.581298828125,
        "y": 35.61488368245436
    },
    "tweet-id": "japan"
},
{
    "tweet": "I swear fuking florida is BIPOLAR !!! -__-",
    "location": {
        "x": -78.52495193481445,
        "y": -0.2298539672002563
    },
    "tweet-id": "ecuador"
},
{
    "tweet": "どうしたw RT @kmrhn: キタw RT @sankouchou: リアルな画像を出すな画像を RT @ayu_pon ※現在のヤットさん（想像） http://twitpic.com/3ujdno",
    "location": {
        "x": 139.649040699005,
        "y": 35.8572070345748
    },
    "tweet-id": "japan"
},
{
    "tweet": "wkwk pis kk^^v RT @farramnissa: Ada nama gua itu kayaknya hmm RT @dintaskirana: ngeles dia mir --\" ciee aduy ingetnya farra^^ RT (cont) ...",
    "location": {
        "x": 106.8186111,
        "y": -6.4
    },
    "tweet-id": "indonesia"
},
{
    "tweet": "専業のヴァルキュリア",
    "location": {
        "x": 140.1,
        "y": 36.2
    },
    "tweet-id": "japan"
},
{
    "tweet": "Mang penting du??heheRT @denii_denii: @hendry_me88 teu apaleun da nyak....hahahaahaha @hendry_me88: (cont) http://tl.gd/8fefbd",
    "location": {
        "x": 107.618611,
        "y": -6.903889
    },
    "tweet-id": "indonesia"
},
{
    "tweet": "サッカー見ても駄目でした",
    "location": {
        "x": 139.581298828125,
        "y": 35.61488368245436
    },
    "tweet-id": "japan"
},
{
    "tweet": "vo secar a louça , ja volto 2p :D",
    "location": {
        "x": -46.565,
        "y": -23.69388889
    },
    "tweet-id": "brazil"
},
{
    "tweet": "eu vo resolver umas treta aqui HH e depois me arrumar pra ir pro Park .",
    "location": {
        "x": -40,
        "y": 72
    },
    "tweet-id": "greenland"
},
{
    "tweet": "If You've Ever Wanted To Know How To Easily Brew Your Own Amazing Beer At Home, Then Pay Close Attention! http://bit.ly/bwgiLX",
    "location": {
        "x": -84.3879824,
        "y": 33.7489954
    },
    "tweet-id": "united-states"
},
{
    "tweet": "惜しい事をしたなって思わせるのよ(^_^)“@tuyokuare: @kazuyo_a かっこいい・・・そうします。もう・・・あきらめますよ・・・＾＾；”",
    "location": {
        "x": 0.7143259048461914,
        "y": 51.53782069637988
    },
    "tweet-id": "united-kingdom"
},
{
    "tweet": "Mang penting du??heheRT @denii_denii: @hendry_me88 teu apaleun da nyak....hahahaahaha @hendry_me88: (cont) http://tl.gd/8fefbd",
    "location": {
        "x": 107.618611,
        "y": -6.903889
    },
    "tweet-id": "indonesia"
},
{
    "tweet": "サッカー見ても駄目でした",
    "location": {
        "x": 139.581298828125,
        "y": 35.61488368245436
    },
    "tweet-id": "japan"
},
{
    "tweet": "eu vo resolver umas treta aqui HH e depois me arrumar pra ir pro Park .",
    "location": {
        "x": -40,
        "y": 72
    },
    "tweet-id": "greenland"
},
{
    "tweet": "Realmente me agrada pero no para tener una relacion y no le he dado esperanzas de ningun tipo...",
    "location": {
        "x": -66.1162777,
        "y": 18.3410621
    },
    "tweet-id": "puerto-rico"
},
{
    "tweet": "Overheard: Say Hi! http://tumblr.com/x5p1di7sln",
    "location": {
        "x": 4.848618507385254,
        "y": 52.67143794966443
    },
    "tweet-id": "netherlands"
},
{
    "tweet": "バイトのシフトまた減らされた…\nやめるかな(´Д` )",
    "location": {
        "x": 139.581298828125,
        "y": 35.61488368245436
    },
    "tweet-id": "japan"
},
{
    "tweet": "quem ri por ultimo ri melhor kkkkk kkkkkkk kkkkkk",
    "location": {
        "x": -40,
        "y": 72
    },
    "tweet-id": "greenland"
},
{
    "tweet": "8- MINHA AMIGA DE TODAS AS HORAS AQUI É @fiuknotizadas",
    "location": {
        "x": -46.6166,
        "y": -23.5333
    },
    "tweet-id": "brazil"
},
{
    "tweet": "BRB",
    "location": {
        "x": -74.0059729,
        "y": 40.7142691
    },
    "tweet-id": "united-states"
},
{
    "tweet": "Lips like sugar :)",
    "location": {
        "x": -79.949639869,
        "y": 43.233408354
    },
    "tweet-id": "canada"
},
{
    "tweet": "Все планы к чертям! Спасибо!\nПочему я не в 8 классе?",
    "location": {
        "x": 37.6155556,
        "y": 55.7522222
    },
    "tweet-id": "russia"
},
{
    "tweet": "jgn sebut nama gw DUA kali plis, tar digorok jojo :'( RT @Sxander: @tomatmaniss @ciieellL @tomatmaniss Kemesraan (cont) http://tl.gd/8fdgqt",
    "location": {
        "x": 120,
        "y": -5
    },
    "tweet-id": "indonesia"
},
{
    "tweet": "submitted 1 hour ago by contrarian to reddit",
    "location": {
        "x": -76.2749399,
        "y": 36.8190369
    },
    "tweet-id": "united-states"
},
{
    "tweet": "ALWAYS! RT @adwinaramriv: @aliyarizka wakakaka sabar deh lu ye ˘з˘",
    "location": {
        "x": 106.84513092041016,
        "y": -6.214623197035775
    },
    "tweet-id": "indonesia"
},
{
    "tweet": "婚活,結婚相談所,お見合いパーティー,出会いパーティー,結婚情報サービス比較,ブライダル情報センター,恋愛相談,ブライダルネット,インターネット結婚相談所。PC,モバイル,携帯対応。http://j.mp/9nDs74",
    "location": {
        "x": 139.581298828125,
        "y": 35.61488368245436
    },
    "tweet-id": "japan"
},
{
    "tweet": "Black ops kicks ass! Love to play live",
    "location": {
        "x": 18.0649030208588,
        "y": 59.3325765361753
    },
    "tweet-id": "sweden"
},
{
    "tweet": "Hojee eu conseguir almoçar como gente normal",
    "location": {
        "x": -47.92972,
        "y": -15.77972
    },
    "tweet-id": "brazil"
},
{
    "tweet": "vo secar a louça , ja volto 2p :D",
    "location": {
        "x": -46.565,
        "y": -23.69388889
    },
    "tweet-id": "brazil"
},
{
    "tweet": "どうしたw RT @kmrhn: キタw RT @sankouchou: リアルな画像を出すな画像を RT @ayu_pon ※現在のヤットさん（想像） http://twitpic.com/3ujdno",
    "location": {
        "x": 139.649040699005,
        "y": 35.8572070345748
    },
    "tweet-id": "japan"
},
{
    "tweet": "wkwk pis kk^^v RT @farramnissa: Ada nama gua itu kayaknya hmm RT @dintaskirana: ngeles dia mir --\" ciee aduy ingetnya farra^^ RT (cont) ...",
    "location": {
        "x": 106.8186111,
        "y": -6.4
    },
    "tweet-id": "indonesia"
},
{
    "tweet": "専業のヴァルキュリア",
    "location": {
        "x": 140.1,
        "y": 36.2
    },
    "tweet-id": "japan"
},
{
    "tweet": "Mang penting du??heheRT @denii_denii: @hendry_me88 teu apaleun da nyak....hahahaahaha @hendry_me88: (cont) http://tl.gd/8fefbd",
    "location": {
        "x": 107.618611,
        "y": -6.903889
    },
    "tweet-id": "indonesia"
},
{
    "tweet": "サッカー見ても駄目でした",
    "location": {
        "x": 139.581298828125,
        "y": 35.61488368245436
    },
    "tweet-id": "japan"
},
{
    "tweet": "eu vo resolver umas treta aqui HH e depois me arrumar pra ir pro Park .",
    "location": {
        "x": -40,
        "y": 72
    },
    "tweet-id": "greenland"
},
{
    "tweet": "Minha avó acaba de dizer que Frederico, o passarinho, estava pastando. Um passarinho, pastando. hahaha",
    "location": {
        "x": -70.5665588378906,
        "y": -33.4262838490987
    },
    "tweet-id": "chile"
},
{
    "tweet": "久々にブログ更新しようかな。",
    "location": {
        "x": 140.123327672482,
        "y": 35.6050621052064
    },
    "tweet-id": "japan"
},
{
    "tweet": "Wow! Dher tanya ako yg ako ada contact dgn laki lain tk slain dher 0_0 Okay, sumpaaaah! Ako contact dgn dher sorang je. Serious shitzxzx!",
    "location": {
        "x": -150.0002778,
        "y": 64.0002778
    },
    "tweet-id": "united-states"
},
{
    "tweet": "セルジオさん日本語上手になったね",
    "location": {
        "x": 136.90655708313,
        "y": 35.1801749724103
    },
    "tweet-id": "japan"
},
{
    "tweet": "マイヤー感動。凄い良かった。",
    "location": {
        "x": 139.581298828125,
        "y": 35.61488368245436
    },
    "tweet-id": "japan"
},
{
    "tweet": "Saiba quais pessoas no Twitter que não te seguem. http://tinyurl.com/unffnd",
    "location": {
        "x": -2.6666667,
        "y": 42.85
    },
    "tweet-id": "spain"
},
{
    "tweet": "Mang penting du??heheRT @denii_denii: @hendry_me88 teu apaleun da nyak....hahahaahaha @hendry_me88: (cont) http://tl.gd/8fefbd",
    "location": {
        "x": 107.618611,
        "y": -6.903889
    },
    "tweet-id": "indonesia"
},
{
    "tweet": "サッカー見ても駄目でした",
    "location": {
        "x": 139.581298828125,
        "y": 35.61488368245436
    },
    "tweet-id": "japan"
},
{
    "tweet": "eu vo resolver umas treta aqui HH e depois me arrumar pra ir pro Park .",
    "location": {
        "x": -40,
        "y": 72
    },
    "tweet-id": "greenland"
},
{
    "tweet": "白鵬かっけー",
    "location": {
        "x": 139.581298828125,
        "y": 35.61488368245436
    },
    "tweet-id": "japan"
},
{
    "tweet": "If you reply to me like '@twi_travel N3E5 ...', I can go north for 0.003 degree and east for 0.005 degree.",
    "location": {
        "x": 139.581298828125,
        "y": 35.61488368245436
    },
    "tweet-id": "japan"
},
{
    "tweet": "Vo dobrando a esquina, vejo a rapaziada (8)",
    "location": {
        "x": -46.63611111,
        "y": -23.5475
    },
    "tweet-id": "brazil"
},
{
    "tweet": "I checked in at Starbucks (9450 Fairway Dr) on #Yelp http://bit.ly/dgTzzi",
    "location": {
        "x": -121.4943996,
        "y": 38.5815719
    },
    "tweet-id": "united-states"
},
{
    "tweet": "#ovjet ⓥpinkyoung 헉... 어떻게 아셨어요~???? http://j.mp/g50KJn",
    "location": {
        "x": 127.5,
        "y": 37
    },
    "tweet-id": "south-korea"
},
{
    "tweet": "Praia hoje \\o/",
    "location": {
        "x": -40,
        "y": 72
    },
    "tweet-id": "greenland"
},
{
    "tweet": "8- MINHA AMIGA DE TODAS AS HORAS AQUI É @fiuknotizadas",
    "location": {
        "x": -46.6166,
        "y": -23.5333
    },
    "tweet-id": "brazil"
},
{
    "tweet": "Lips like sugar :)",
    "location": {
        "x": -79.949639869,
        "y": 43.233408354
    },
    "tweet-id": "canada"
},
{
    "tweet": "BRB",
    "location": {
        "x": -74.0059729,
        "y": 40.7142691
    },
    "tweet-id": "united-states"
},
{
    "tweet": "Все планы к чертям! Спасибо!\nПочему я не в 8 классе?",
    "location": {
        "x": 37.6155556,
        "y": 55.7522222
    },
    "tweet-id": "russia"
},
{
    "tweet": "Black ops kicks ass! Love to play live",
    "location": {
        "x": 18.0649030208588,
        "y": 59.3325765361753
    },
    "tweet-id": "sweden"
},
{
    "tweet": "jgn sebut nama gw DUA kali plis, tar digorok jojo :'( RT @Sxander: @tomatmaniss @ciieellL @tomatmaniss Kemesraan (cont) http://tl.gd/8fdgqt",
    "location": {
        "x": 120,
        "y": -5
    },
    "tweet-id": "indonesia"
},
{
    "tweet": "submitted 1 hour ago by contrarian to reddit",
    "location": {
        "x": -76.2749399,
        "y": 36.8190369
    },
    "tweet-id": "united-states"
}]